"Origin Movement ID","Origin Display Name","Destination Movement ID","Destination Display Name","Date Range","Mean Travel Time (Seconds)","Range - Lower Bound Travel Time (Seconds)","Range - Upper Bound Travel Time (Seconds)"
"285","Union Station Drive Northeast, Northeast Washington, Washington","1","7500 14th Street Northwest, Northwest Washington, Washington","3/26/2019 - 3/26/2019, Every day, Daily Average",1764,1523,2043
"285","Union Station Drive Northeast, Northeast Washington, Washington","2","5300 43rd Street Northwest, Northwest Washington, Washington","3/26/2019 - 3/26/2019, Every day, Daily Average",2015,1622,2502
"285","Union Station Drive Northeast, Northeast Washington, Washington","3","Massachusetts-39th Trail, Northwest Washington, Washington","3/26/2019 - 3/26/2019, Every day, Daily Average",1689,1273,2239
"285","Union Station Drive Northeast, Northeast Washington, Washington","4","1600 21st Street Northwest, Northwest Washington, Washington","3/26/2019 - 3/26/2019, Every day, Daily Average",1187,880,1600
"285","Union Station Drive Northeast, Northeast Washington, Washington","5","2400 Martin Luther King Junior Avenue Southeast, Southeast Washington, Washington","3/26/2019 - 3/26/2019, Every day, Daily Average",1235,858,1777
"285","Union Station Drive Northeast, Northeast Washington, Washington","6","800 Mount Vernon Place Northwest, Northwest Washington, Washington","3/26/2019 - 3/26/2019, Every day, Daily Average",596,408,870
"285","Union Station Drive Northeast, Northeast Washington, Washington","7","1700 A Street Southeast, Southeast Washington, Washington","3/26/2019 - 3/26/2019, Every day, Daily Average",873,629,1210
"285","Union Station Drive Northeast, Northeast Washington, Washington","8","1600 North Portal Drive Northwest, Northwest Washington, Washington","3/26/2019 - 3/26/2019, Every day, Daily Average",2003,1765,2271
"285","Union Station Drive Northeast, Northeast Washington, Washington","9","1400 Leegate Road Northwest, Northwest Washington, Washington","3/26/2019 - 3/26/2019, Every day, Daily Average",1729,1398,2137
"285","Union Station Drive Northeast, Northeast Washington, Washington","11","Joyce Road Northwest, Northwest Washington, Washington","3/26/2019 - 3/26/2019, Every day, Daily Average",1587,1248,2016
"285","Union Station Drive Northeast, Northeast Washington, Washington","13","7400 9th Street Northwest, Northwest Washington, Washington","3/26/2019 - 3/26/2019, Every day, Daily Average",1326,1023,1718
"285","Union Station Drive Northeast, Northeast Washington, Washington","14","1300 Dahlia Street Northwest, Northwest Washington, Washington","3/26/2019 - 3/26/2019, Every day, Daily Average",1659,1360,2022
"285","Union Station Drive Northeast, Northeast Washington, Washington","16","700 Elder Street Northwest, Northwest Washington, Washington","3/26/2019 - 3/26/2019, Every day, Daily Average",1324,1015,1726
"285","Union Station Drive Northeast, Northeast Washington, Washington","18","300 Carroll Street Northwest, Northwest Washington, Washington","3/26/2019 - 3/26/2019, Every day, Daily Average",1181,897,1553
"285","Union Station Drive Northeast, Northeast Washington, Washington","19","500 Butternut Street Northwest, Northwest Washington, Washington","3/26/2019 - 3/26/2019, Every day, Daily Average",1213,940,1564
"285","Union Station Drive Northeast, Northeast Washington, Washington","20","3200 Patterson Street Northwest, Northwest Washington, Washington","3/26/2019 - 3/26/2019, Every day, Daily Average",1697,1331,2163
"285","Union Station Drive Northeast, Northeast Washington, Washington","21","400 Butternut Street Northwest, Northwest Washington, Washington","3/26/2019 - 3/26/2019, Every day, Daily Average",1126,856,1480
"285","Union Station Drive Northeast, Northeast Washington, Washington","23","800 Whittier Place Northwest, Northwest Washington, Washington","3/26/2019 - 3/26/2019, Every day, Daily Average",1485,1194,1846
"285","Union Station Drive Northeast, Northeast Washington, Washington","24","600 Whittier Street Northwest, Northwest Washington, Washington","3/26/2019 - 3/26/2019, Every day, Daily Average",1388,1104,1744
"285","Union Station Drive Northeast, Northeast Washington, Washington","25","1300 Somerset Place Northwest, Northwest Washington, Washington","3/26/2019 - 3/26/2019, Every day, Daily Average",1478,1170,1866
"285","Union Station Drive Northeast, Northeast Washington, Washington","26","6600 4th Street Northwest, Northwest Washington, Washington","3/26/2019 - 3/26/2019, Every day, Daily Average",1125,846,1494
"285","Union Station Drive Northeast, Northeast Washington, Washington","27","5700 Chevy Chase Parkway Northwest, Northwest Washington, Washington","3/26/2019 - 3/26/2019, Every day, Daily Average",1748,1386,2203
"285","Union Station Drive Northeast, Northeast Washington, Washington","29","700 Quackenbos Street Northwest, Northwest Washington, Washington","3/26/2019 - 3/26/2019, Every day, Daily Average",1317,994,1744
"285","Union Station Drive Northeast, Northeast Washington, Washington","30","2800 Kanawha Street Northwest, Northwest Washington, Washington","3/26/2019 - 3/26/2019, Every day, Daily Average",1597,1265,2015
"285","Union Station Drive Northeast, Northeast Washington, Washington","31","2500 Horse Stable Road, Northwest Washington, Washington","3/26/2019 - 3/26/2019, Every day, Daily Average",1508,1182,1922
"285","Union Station Drive Northeast, Northeast Washington, Washington","32","200 Quackenbos Street Northwest, Northwest Washington, Washington","3/26/2019 - 3/26/2019, Every day, Daily Average",1135,832,1548
"285","Union Station Drive Northeast, Northeast Washington, Washington","33","5900 Sligo Mill Road Northeast, Northeast Washington, Washington","3/26/2019 - 3/26/2019, Every day, Daily Average",1115,763,1629
"285","Union Station Drive Northeast, Northeast Washington, Washington","34","3900 Livingston Street Northwest, Northwest Washington, Washington","3/26/2019 - 3/26/2019, Every day, Daily Average",1898,1467,2455
"285","Union Station Drive Northeast, Northeast Washington, Washington","35","300 Oglethorpe Street Northeast, Northeast Washington, Washington","3/26/2019 - 3/26/2019, Every day, Daily Average",1320,774,2248
"285","Union Station Drive Northeast, Northeast Washington, Washington","36","5400 42nd Street Northwest, Northwest Washington, Washington","3/26/2019 - 3/26/2019, Every day, Daily Average",2011,1546,2614
"285","Union Station Drive Northeast, Northeast Washington, Washington","37","0 Longfellow Street Northwest, Northwest Washington, Washington","3/26/2019 - 3/26/2019, Every day, Daily Average",1061,755,1489
"285","Union Station Drive Northeast, Northeast Washington, Washington","38","0 Wisconsin Circle, Northwest Washington, Chevy Chase","3/26/2019 - 3/26/2019, Every day, Daily Average",1947,1549,2447
"285","Union Station Drive Northeast, Northeast Washington, Washington","39","Stage Road Northwest, Northwest Washington, Washington","3/26/2019 - 3/26/2019, Every day, Daily Average",1600,1301,1966
"285","Union Station Drive Northeast, Northeast Washington, Washington","40","5700 14th Street Northwest, Northwest Washington, Washington","3/26/2019 - 3/26/2019, Every day, Daily Average",1552,1300,1852
"285","Union Station Drive Northeast, Northeast Washington, Washington","42","600 Jefferson Street Northeast, Northeast Washington, Washington","3/26/2019 - 3/26/2019, Every day, Daily Average",1592,1083,2339
"285","Union Station Drive Northeast, Northeast Washington, Washington","43","5100 42nd Street Northwest, Northwest Washington, Washington","3/26/2019 - 3/26/2019, Every day, Daily Average",1956,1564,2445
"285","Union Station Drive Northeast, Northeast Washington, Washington","46","5200 Nebraska Avenue Northwest, Northwest Washington, Washington","3/26/2019 - 3/26/2019, Every day, Daily Average",1807,1376,2372
"285","Union Station Drive Northeast, Northeast Washington, Washington","49","800 Jefferson Street Northwest, Northwest Washington, Washington","3/26/2019 - 3/26/2019, Every day, Daily Average",1396,1055,1846
"285","Union Station Drive Northeast, Northeast Washington, Washington","50","5500 1st Street Northeast, Northeast Washington, Washington","3/26/2019 - 3/26/2019, Every day, Daily Average",971,695,1356
"285","Union Station Drive Northeast, Northeast Washington, Washington","52","5200 Kansas Avenue Northwest, Northwest Washington, Washington","3/26/2019 - 3/26/2019, Every day, Daily Average",1351,867,2103
"285","Union Station Drive Northeast, Northeast Washington, Washington","53","4800 Butterworth Place Northwest, Northwest Washington, Washington","3/26/2019 - 3/26/2019, Every day, Daily Average",1805,1399,2328
"285","Union Station Drive Northeast, Northeast Washington, Washington","56","1300 Farragut Street Northwest, Northwest Washington, Washington","3/26/2019 - 3/26/2019, Every day, Daily Average",1568,1299,1892
"285","Union Station Drive Northeast, Northeast Washington, Washington","59","200 Allison Street Northwest, Northwest Washington, Washington","3/26/2019 - 3/26/2019, Every day, Daily Average",892,625,1272
"285","Union Station Drive Northeast, Northeast Washington, Washington","60","200 Hawaii Avenue Northeast, Northeast Washington, Washington","3/26/2019 - 3/26/2019, Every day, Daily Average",804,580,1114
"285","Union Station Drive Northeast, Northeast Washington, Washington","62","4900 Derussey Street Northwest, Northwest Washington, Washington","3/26/2019 - 3/26/2019, Every day, Daily Average",2075,1598,2693
"285","Union Station Drive Northeast, Northeast Washington, Washington","63","4500 South Dakota Avenue Northeast, Northeast Washington, Washington","3/26/2019 - 3/26/2019, Every day, Daily Average",1208,843,1730
"285","Union Station Drive Northeast, Northeast Washington, Washington","66","3100 Gates Road Northwest, Northwest Washington, Washington","3/26/2019 - 3/26/2019, Every day, Daily Average",1770,1342,2332
"285","Union Station Drive Northeast, Northeast Washington, Washington","71","4500 40th Street Northwest, Northwest Washington, Washington","3/26/2019 - 3/26/2019, Every day, Daily Average",1909,1511,2411
"285","Union Station Drive Northeast, Northeast Washington, Washington","72","4800 4th Street Northwest, Northwest Washington, Washington","3/26/2019 - 3/26/2019, Every day, Daily Average",1297,890,1888
"285","Union Station Drive Northeast, Northeast Washington, Washington","74","800 Decatur Street Northwest, Northwest Washington, Washington","3/26/2019 - 3/26/2019, Every day, Daily Average",1295,1040,1611
"285","Union Station Drive Northeast, Northeast Washington, Washington","76","4300 13th Street Northwest, Northwest Washington, Washington","3/26/2019 - 3/26/2019, Every day, Daily Average",1501,1328,1696
"285","Union Station Drive Northeast, Northeast Washington, Washington","77","600 Webster Street Northwest, Northwest Washington, Washington","3/26/2019 - 3/26/2019, Every day, Daily Average",1238,970,1579
"285","Union Station Drive Northeast, Northeast Washington, Washington","78","4500 15th Street Northwest, Northwest Washington, Washington","3/26/2019 - 3/26/2019, Every day, Daily Average",1514,1256,1824
"285","Union Station Drive Northeast, Northeast Washington, Washington","79","4900 Rodman Street Northwest, Northwest Washington, Washington","3/26/2019 - 3/26/2019, Every day, Daily Average",1821,1404,2360
"285","Union Station Drive Northeast, Northeast Washington, Washington","83","Federal Hall, Northwest Washington, Washington","3/26/2019 - 3/26/2019, Every day, Daily Average",1844,1466,2318
"285","Union Station Drive Northeast, Northeast Washington, Washington","84","3800 Windom Place Northwest, Northwest Washington, Washington","3/26/2019 - 3/26/2019, Every day, Daily Average",1856,1477,2331
"285","Union Station Drive Northeast, Northeast Washington, Washington","85","3700 Warren Street Northwest, Northwest Washington, Washington","3/26/2019 - 3/26/2019, Every day, Daily Average",1987,1677,2353
"285","Union Station Drive Northeast, Northeast Washington, Washington","86","3500 International Court Northwest, Northwest Washington, Washington","3/26/2019 - 3/26/2019, Every day, Daily Average",2070,1719,2491
"285","Union Station Drive Northeast, Northeast Washington, Washington","87","4200 Linnean Avenue Northwest, Northwest Washington, Washington","3/26/2019 - 3/26/2019, Every day, Daily Average",1838,1379,2449
"285","Union Station Drive Northeast, Northeast Washington, Washington","88","1900 Varnum Street Northeast, Northeast Washington, Washington","3/26/2019 - 3/26/2019, Every day, Daily Average",1137,796,1622
"285","Union Station Drive Northeast, Northeast Washington, Washington","89","4400 8th Street Northeast, Northeast Washington, Washington","3/26/2019 - 3/26/2019, Every day, Daily Average",860,665,1111
"285","Union Station Drive Northeast, Northeast Washington, Washington","91","4300 13th Place Northeast, Northeast Washington, Washington","3/26/2019 - 3/26/2019, Every day, Daily Average",1042,707,1534
"285","Union Station Drive Northeast, Northeast Washington, Washington","92","3800 Argyle Terrace Northwest, Northwest Washington, Washington","3/26/2019 - 3/26/2019, Every day, Daily Average",1888,1594,2234
"285","Union Station Drive Northeast, Northeast Washington, Washington","93","4400 Springdale Street Northwest, Northwest Washington, Washington","3/26/2019 - 3/26/2019, Every day, Daily Average",1649,1312,2072
"285","Union Station Drive Northeast, Northeast Washington, Washington","94","3700 37th Street Northwest, Northwest Washington, Washington","3/26/2019 - 3/26/2019, Every day, Daily Average",1792,1366,2350
"285","Union Station Drive Northeast, Northeast Washington, Washington","95","3000 Tilden Street Northwest, Northwest Washington, Washington","3/26/2019 - 3/26/2019, Every day, Daily Average",1926,1644,2255
"285","Union Station Drive Northeast, Northeast Washington, Washington","96","4000 Connecticut Avenue Northwest, Northwest Washington, Washington","3/26/2019 - 3/26/2019, Every day, Daily Average",1804,1339,2430
"285","Union Station Drive Northeast, Northeast Washington, Washington","97","Scale Gate Road Northeast, Northwest Washington, Washington","3/26/2019 - 3/26/2019, Every day, Daily Average",689,487,974
"285","Union Station Drive Northeast, Northeast Washington, Washington","98","4000 5th Street Northwest, Northwest Washington, Washington","3/26/2019 - 3/26/2019, Every day, Daily Average",1252,826,1897
"285","Union Station Drive Northeast, Northeast Washington, Washington","99","700 Taylor Street Northwest, Northwest Washington, Washington","3/26/2019 - 3/26/2019, Every day, Daily Average",1367,1039,1797
"285","Union Station Drive Northeast, Northeast Washington, Washington","100","3900 14th Street Northwest, Northwest Washington, Washington","3/26/2019 - 3/26/2019, Every day, Daily Average",1438,1105,1870
"285","Union Station Drive Northeast, Northeast Washington, Washington","101","1200 Shepherd Street Northwest, Northwest Washington, Washington","3/26/2019 - 3/26/2019, Every day, Daily Average",1323,933,1874
"285","Union Station Drive Northeast, Northeast Washington, Washington","102","2700 Quebec Street Northwest, Northwest Washington, Washington","3/26/2019 - 3/26/2019, Every day, Daily Average",1771,1352,2319
"285","Union Station Drive Northeast, Northeast Washington, Washington","103","3300 Rowland Place Northwest, Northwest Washington, Washington","3/26/2019 - 3/26/2019, Every day, Daily Average",1796,1449,2225
"285","Union Station Drive Northeast, Northeast Washington, Washington","104","3600 John McCormack Drive Northeast, Northeast Washington, Washington","3/26/2019 - 3/26/2019, Every day, Daily Average",766,557,1052
"285","Union Station Drive Northeast, Northeast Washington, Washington","105","900 Quincy Street Northeast, Northeast Washington, Washington","3/26/2019 - 3/26/2019, Every day, Daily Average",820,592,1134
"285","Union Station Drive Northeast, Northeast Washington, Washington","106","1400 Quincy Street Northeast, Northeast Washington, Washington","3/26/2019 - 3/26/2019, Every day, Daily Average",989,682,1434
"285","Union Station Drive Northeast, Northeast Washington, Washington","107","2400 Otis Street Northeast, Northeast Washington, Washington","3/26/2019 - 3/26/2019, Every day, Daily Average",1105,862,1416
"285","Union Station Drive Northeast, Northeast Washington, Washington","108","3700 12th Street Northeast, Northeast Washington, Washington","3/26/2019 - 3/26/2019, Every day, Daily Average",871,632,1199
"285","Union Station Drive Northeast, Northeast Washington, Washington","109","Canal Road Northwest, Northwest Washington, Washington","3/26/2019 - 3/26/2019, Every day, Daily Average",1732,1409,2127
"285","Union Station Drive Northeast, Northeast Washington, Washington","110","3700 10th Street Northwest, Northwest Washington, Washington","3/26/2019 - 3/26/2019, Every day, Daily Average",1091,847,1404
"285","Union Station Drive Northeast, Northeast Washington, Washington","111","800 Randolph Street Northwest, Northwest Washington, Washington","3/26/2019 - 3/26/2019, Every day, Daily Average",1183,891,1569
"285","Union Station Drive Northeast, Northeast Washington, Washington","112","3800 7th Street Northwest, Northwest Washington, Washington","3/26/2019 - 3/26/2019, Every day, Daily Average",1204,886,1634
"285","Union Station Drive Northeast, Northeast Washington, Washington","113","1900 Lawrence Street Northeast, Northeast Washington, Washington","3/26/2019 - 3/26/2019, Every day, Daily Average",1008,747,1359
"285","Union Station Drive Northeast, Northeast Washington, Washington","114","3100 17th Street Northwest, Northwest Washington, Washington","3/26/2019 - 3/26/2019, Every day, Daily Average",1233,998,1523
"285","Union Station Drive Northeast, Northeast Washington, Washington","115","1400 Ogden Street Northwest, Northwest Washington, Washington","3/26/2019 - 3/26/2019, Every day, Daily Average",1311,1049,1638
"285","Union Station Drive Northeast, Northeast Washington, Washington","116","700 Otis Place Northwest, Northwest Washington, Washington","3/26/2019 - 3/26/2019, Every day, Daily Average",1094,795,1504
"285","Union Station Drive Northeast, Northeast Washington, Washington","117","4300 Klingle Street Northwest, Northwest Washington, Washington","3/26/2019 - 3/26/2019, Every day, Daily Average",1577,1224,2030
"285","Union Station Drive Northeast, Northeast Washington, Washington","118","Saint Albans Bridge, Northwest Washington, Washington","3/26/2019 - 3/26/2019, Every day, Daily Average",1537,1162,2032
"285","Union Station Drive Northeast, Northeast Washington, Washington","119","3100 Macomb Street Northwest, Northwest Washington, Washington","3/26/2019 - 3/26/2019, Every day, Daily Average",1756,1363,2261
"285","Union Station Drive Northeast, Northeast Washington, Washington","120","3200 19th Street Northwest, Northwest Washington, Washington","3/26/2019 - 3/26/2019, Every day, Daily Average",1590,1239,2039
"285","Union Station Drive Northeast, Northeast Washington, Washington","122","0 Olmsted Walk, Northwest Washington, Washington","3/26/2019 - 3/26/2019, Every day, Daily Average",1623,1208,2180
"285","Union Station Drive Northeast, Northeast Washington, Washington","123","800 Otis Place Northwest, Northwest Washington, Washington","3/26/2019 - 3/26/2019, Every day, Daily Average",1191,911,1555
"285","Union Station Drive Northeast, Northeast Washington, Washington","124","3500 11th Street Northwest, Northwest Washington, Washington","3/26/2019 - 3/26/2019, Every day, Daily Average",1045,817,1335
"285","Union Station Drive Northeast, Northeast Washington, Washington","125","2800 Arizona Avenue Northwest, Northwest Washington, Washington","3/26/2019 - 3/26/2019, Every day, Daily Average",1690,1332,2142
"285","Union Station Drive Northeast, Northeast Washington, Washington","126","3300 Connecticut Avenue Northwest, Northwest Washington, Washington","3/26/2019 - 3/26/2019, Every day, Daily Average",1697,1267,2272
"285","Union Station Drive Northeast, Northeast Washington, Washington","127","800 Newton Street Northeast, Northeast Washington, Washington","3/26/2019 - 3/26/2019, Every day, Daily Average",836,566,1232
"285","Union Station Drive Northeast, Northeast Washington, Washington","128","3000 Clinton Street Northeast, Northeast Washington, Washington","3/26/2019 - 3/26/2019, Every day, Daily Average",1059,839,1336
"285","Union Station Drive Northeast, Northeast Washington, Washington","129","400 Park Road Northwest, Northwest Washington, Washington","3/26/2019 - 3/26/2019, Every day, Daily Average",974,704,1346
"285","Union Station Drive Northeast, Northeast Washington, Washington","130","3300 7th Street Northeast, Northeast Washington, Washington","3/26/2019 - 3/26/2019, Every day, Daily Average",742,532,1034
"285","Union Station Drive Northeast, Northeast Washington, Washington","131","4800 Foxhall Crescent Northwest, Northwest Washington, Washington","3/26/2019 - 3/26/2019, Every day, Daily Average",1727,1397,2133
"285","Union Station Drive Northeast, Northeast Washington, Washington","132","700 Morton Street Northwest, Northwest Washington, Washington","3/26/2019 - 3/26/2019, Every day, Daily Average",1100,826,1464
"285","Union Station Drive Northeast, Northeast Washington, Washington","133","1400 Irving Street Northeast, Northeast Washington, Washington","3/26/2019 - 3/26/2019, Every day, Daily Average",850,676,1067
"285","Union Station Drive Northeast, Northeast Washington, Washington","134","The Westchester 'A' Building, Northwest Washington, Washington","3/26/2019 - 3/26/2019, Every day, Daily Average",1628,1271,2085
"285","Union Station Drive Northeast, Northeast Washington, Washington","135","1200 Beach Drive Northwest, Northwest Washington, Washington","3/26/2019 - 3/26/2019, Every day, Daily Average",1639,1233,2177
"285","Union Station Drive Northeast, Northeast Washington, Washington","138","2800 Chancellor's Way Northeast, Northeast Washington, Washington","3/26/2019 - 3/26/2019, Every day, Daily Average",695,508,949
"285","Union Station Drive Northeast, Northeast Washington, Washington","139","1400 Newton Street Northwest, Northwest Washington, Washington","3/26/2019 - 3/26/2019, Every day, Daily Average",1257,1003,1575
"285","Union Station Drive Northeast, Northeast Washington, Washington","140","2500 1st Street Northwest, Northwest Washington, Washington","3/26/2019 - 3/26/2019, Every day, Daily Average",647,446,937
"285","Union Station Drive Northeast, Northeast Washington, Washington","141","2900 Garfield Street Northwest, Northwest Washington, Washington","3/26/2019 - 3/26/2019, Every day, Daily Average",1522,1167,1983
"285","Union Station Drive Northeast, Northeast Washington, Washington","142","1400 Irving Street Northwest, Northwest Washington, Washington","3/26/2019 - 3/26/2019, Every day, Daily Average",1233,1009,1506
"285","Union Station Drive Northeast, Northeast Washington, Washington","143","500 Irving Street Northwest, Northwest Washington, Washington","3/26/2019 - 3/26/2019, Every day, Daily Average",879,648,1192
"285","Union Station Drive Northeast, Northeast Washington, Washington","144","100 Michigan Avenue Northeast, Northeast Washington, Washington","3/26/2019 - 3/26/2019, Every day, Daily Average",652,475,894
"285","Union Station Drive Northeast, Northeast Washington, Washington","145","3000 10th Street Northeast, Northeast Washington, Washington","3/26/2019 - 3/26/2019, Every day, Daily Average",771,603,985
"285","Union Station Drive Northeast, Northeast Washington, Washington","146","2900 Thayer Street Northeast, Northeast Washington, Washington","3/26/2019 - 3/26/2019, Every day, Daily Average",1021,806,1292
"285","Union Station Drive Northeast, Northeast Washington, Washington","147","3100 11th Street Northwest, Northwest Washington, Washington","3/26/2019 - 3/26/2019, Every day, Daily Average",1035,796,1344
"285","Union Station Drive Northeast, Northeast Washington, Washington","148","3500 Commodore Joshua Barney Drive Northeast, Northeast Washington, Washington","3/26/2019 - 3/26/2019, Every day, Daily Average",1063,798,1414
"285","Union Station Drive Northeast, Northeast Washington, Washington","149","3000 Normanstone Drive Northwest, Northwest Washington, Washington","3/26/2019 - 3/26/2019, Every day, Daily Average",1384,1050,1822
"285","Union Station Drive Northeast, Northeast Washington, Washington","150","2600 Connecticut Avenue Northwest, Northwest Washington, Washington","3/26/2019 - 3/26/2019, Every day, Daily Average",1453,1105,1910
"285","Union Station Drive Northeast, Northeast Washington, Washington","151","2800 18th Street Northwest, Northwest Washington, Washington","3/26/2019 - 3/26/2019, Every day, Daily Average",1378,1058,1794
"285","Union Station Drive Northeast, Northeast Washington, Washington","152","2700 Woodley Road Northwest, Northwest Washington, Washington","3/26/2019 - 3/26/2019, Every day, Daily Average",1486,1169,1887
"285","Union Station Drive Northeast, Northeast Washington, Washington","153","3400 Observatory Lane Northwest, Northwest Washington, Washington","3/26/2019 - 3/26/2019, Every day, Daily Average",1455,1098,1927
"285","Union Station Drive Northeast, Northeast Washington, Washington","154","1100 Girard Street Northwest, Northwest Washington, Washington","3/26/2019 - 3/26/2019, Every day, Daily Average",1022,798,1308
"285","Union Station Drive Northeast, Northeast Washington, Washington","155","McMillan Drive Northwest, Northwest Washington, Washington","3/26/2019 - 3/26/2019, Every day, Daily Average",638,439,926
"285","Union Station Drive Northeast, Northeast Washington, Washington","156","400 Howard Place Northwest, Northwest Washington, Washington","3/26/2019 - 3/26/2019, Every day, Daily Average",889,682,1158
"285","Union Station Drive Northeast, Northeast Washington, Washington","157","1600 Evarts Street Northeast, Northeast Washington, Washington","3/26/2019 - 3/26/2019, Every day, Daily Average",830,634,1084
"285","Union Station Drive Northeast, Northeast Washington, Washington","158","1300 Girard Street Northwest, Northwest Washington, Washington","3/26/2019 - 3/26/2019, Every day, Daily Average",1216,958,1542
"285","Union Station Drive Northeast, Northeast Washington, Washington","159","2400 22nd Street Northeast, Northeast Washington, Washington","3/26/2019 - 3/26/2019, Every day, Daily Average",850,622,1160
"285","Union Station Drive Northeast, Northeast Washington, Washington","160","2300 44th Street Northwest, Northwest Washington, Washington","3/26/2019 - 3/26/2019, Every day, Daily Average",1485,1221,1805
"285","Union Station Drive Northeast, Northeast Washington, Washington","161","2300 Lincoln Road Northeast, Northeast Washington, Washington","3/26/2019 - 3/26/2019, Every day, Daily Average",509,329,785
"285","Union Station Drive Northeast, Northeast Washington, Washington","162","1700 Kalorama Road Northwest, Northwest Washington, Washington","3/26/2019 - 3/26/2019, Every day, Daily Average",1219,905,1640
"285","Union Station Drive Northeast, Northeast Washington, Washington","163","3900 Benton Street Northwest, Northwest Washington, Washington","3/26/2019 - 3/26/2019, Every day, Daily Average",1718,1357,2174
"285","Union Station Drive Northeast, Northeast Washington, Washington","164","2500 Reed Street Northeast, Northeast Washington, Washington","3/26/2019 - 3/26/2019, Every day, Daily Average",869,579,1303
"285","Union Station Drive Northeast, Northeast Washington, Washington","165","1000 Evarts Street Northeast, Northeast Washington, Washington","3/26/2019 - 3/26/2019, Every day, Daily Average",833,593,1168
"285","Union Station Drive Northeast, Northeast Washington, Washington","166","400 Evarts Street Northeast, Northeast Washington, Washington","3/26/2019 - 3/26/2019, Every day, Daily Average",625,483,808
"285","Union Station Drive Northeast, Northeast Washington, Washington","167","600 Edgewood Street Northeast, Northeast Washington, Washington","3/26/2019 - 3/26/2019, Every day, Daily Average",679,500,921
"285","Union Station Drive Northeast, Northeast Washington, Washington","168","2100 30th Street Northeast, Northeast Washington, Washington","3/26/2019 - 3/26/2019, Every day, Daily Average",936,688,1273
"285","Union Station Drive Northeast, Northeast Washington, Washington","169","2600 15th Street Northwest, Northwest Washington, Washington","3/26/2019 - 3/26/2019, Every day, Daily Average",1094,867,1379
"285","Union Station Drive Northeast, Northeast Washington, Washington","170","1300 W Street Northeast, Northeast Washington, Washington","3/26/2019 - 3/26/2019, Every day, Daily Average",694,513,938
"285","Union Station Drive Northeast, Northeast Washington, Washington","171","2400 9th Street Northwest, Northwest Washington, Washington","3/26/2019 - 3/26/2019, Every day, Daily Average",831,604,1142
"285","Union Station Drive Northeast, Northeast Washington, Washington","172","1900 9th Place Northwest, Northeast Washington, Washington","3/26/2019 - 3/26/2019, Every day, Daily Average",683,504,924
"285","Union Station Drive Northeast, Northeast Washington, Washington","173","1400 Chapin Street Northwest, Northwest Washington, Washington","3/26/2019 - 3/26/2019, Every day, Daily Average",997,806,1232
"285","Union Station Drive Northeast, Northeast Washington, Washington","174","2600 Rock Creek Drive Northwest, Northwest Washington, Washington","3/26/2019 - 3/26/2019, Every day, Daily Average",1379,1025,1853
"285","Union Station Drive Northeast, Northeast Washington, Washington","175","2400 20th Street Northwest, Northwest Washington, Washington","3/26/2019 - 3/26/2019, Every day, Daily Average",1383,1042,1834
"285","Union Station Drive Northeast, Northeast Washington, Washington","176","3500 S Street Northwest, Northwest Washington, Washington","3/26/2019 - 3/26/2019, Every day, Daily Average",1750,1403,2182
"285","Union Station Drive Northeast, Northeast Washington, Washington","177","1800 California Street Northwest, Northwest Washington, Washington","3/26/2019 - 3/26/2019, Every day, Daily Average",1241,921,1670
"285","Union Station Drive Northeast, Northeast Washington, Washington","178","Metropolitan Branch Trail, Eckington, Washington","3/26/2019 - 3/26/2019, Every day, Daily Average",737,500,1084
"285","Union Station Drive Northeast, Northeast Washington, Washington","179","2200 Kalorama Road Northwest, Northwest Washington, Washington","3/26/2019 - 3/26/2019, Every day, Daily Average",1309,975,1756
"285","Union Station Drive Northeast, Northeast Washington, Washington","180","2000 Georgia Avenue Northwest, Northwest Washington, Washington","3/26/2019 - 3/26/2019, Every day, Daily Average",707,514,972
"285","Union Station Drive Northeast, Northeast Washington, Washington","181","600 W Street Northeast, Northeast Washington, Washington","3/26/2019 - 3/26/2019, Every day, Daily Average",640,454,901
"285","Union Station Drive Northeast, Northeast Washington, Washington","182","4400 Canal Road Northwest, Northwest Washington, Washington","3/26/2019 - 3/26/2019, Every day, Daily Average",1200,865,1662
"285","Union Station Drive Northeast, Northeast Washington, Washington","183","2100 11th Street Northwest, Northwest Washington, Washington","3/26/2019 - 3/26/2019, Every day, Daily Average",908,675,1221
"285","Union Station Drive Northeast, Northeast Washington, Washington","184","1400 V Street Northwest, Northwest Washington, Washington","3/26/2019 - 3/26/2019, Every day, Daily Average",1046,772,1415
"285","Union Station Drive Northeast, Northeast Washington, Washington","185","2000 4th Street Northeast, Northeast Washington, Washington","3/26/2019 - 3/26/2019, Every day, Daily Average",575,394,839
"285","Union Station Drive Northeast, Northeast Washington, Washington","186","4700 Whitehaven Parkway Northwest, Northwest Washington, Washington","3/26/2019 - 3/26/2019, Every day, Daily Average",1603,1262,2035
"285","Union Station Drive Northeast, Northeast Washington, Washington","187","1700 T Street Northwest, Northwest Washington, Washington","3/26/2019 - 3/26/2019, Every day, Daily Average",1122,839,1499
"285","Union Station Drive Northeast, Northeast Washington, Washington","188","Meadow Road Northeast, Northeast Washington, Washington","3/26/2019 - 3/26/2019, Every day, Daily Average",833,603,1149
"285","Union Station Drive Northeast, Northeast Washington, Washington","189","1900 Summit Place Northeast, Northeast Washington, Washington","3/26/2019 - 3/26/2019, Every day, Daily Average",433,279,671
"285","Union Station Drive Northeast, Northeast Washington, Washington","190","Anacostia Riverwalk Trail, Northeast Washington, Washington","3/26/2019 - 3/26/2019, Every day, Daily Average",1072,809,1420
"285","Union Station Drive Northeast, Northeast Washington, Washington","191","1700 32nd Street Northwest, Northwest Washington, Washington","3/26/2019 - 3/26/2019, Every day, Daily Average",1564,1241,1969
"285","Union Station Drive Northeast, Northeast Washington, Washington","192","2500 Waterside Drive Northwest, Northwest Washington, Washington","3/26/2019 - 3/26/2019, Every day, Daily Average",1359,1033,1787
"285","Union Station Drive Northeast, Northeast Washington, Washington","193","1800 Gallaudet Street Northeast, Northeast Washington, Washington","3/26/2019 - 3/26/2019, Every day, Daily Average",611,448,831
"285","Union Station Drive Northeast, Northeast Washington, Washington","194","1300 Bladensburg Road Northeast, Northeast Washington, Washington","3/26/2019 - 3/26/2019, Every day, Daily Average",722,526,990
"285","Union Station Drive Northeast, Northeast Washington, Washington","195","1600 S Street Northwest, Northwest Washington, Washington","3/26/2019 - 3/26/2019, Every day, Daily Average",1076,811,1426
"285","Union Station Drive Northeast, Northeast Washington, Washington","196","1400 Swann Street Northwest, Northwest Washington, Washington","3/26/2019 - 3/26/2019, Every day, Daily Average",985,736,1317
"285","Union Station Drive Northeast, Northeast Washington, Washington","197","1300 Wallach Place Northwest, Northwest Washington, Washington","3/26/2019 - 3/26/2019, Every day, Daily Average",944,739,1204
"285","Union Station Drive Northeast, Northeast Washington, Washington","198","1800 12th Street Northwest, Northwest Washington, Washington","3/26/2019 - 3/26/2019, Every day, Daily Average",885,690,1135
"285","Union Station Drive Northeast, Northeast Washington, Washington","199","900 T Street Northwest, Northwest Washington, Washington","3/26/2019 - 3/26/2019, Every day, Daily Average",948,686,1309
"285","Union Station Drive Northeast, Northeast Washington, Washington","200","0 S Street Northwest, Northwest Washington, Washington","3/26/2019 - 3/26/2019, Every day, Daily Average",444,260,757
"285","Union Station Drive Northeast, Northeast Washington, Washington","201","2200 S Street Northwest, Northwest Washington, Washington","3/26/2019 - 3/26/2019, Every day, Daily Average",1262,941,1691
"285","Union Station Drive Northeast, Northeast Washington, Washington","202","1800 S Street Northwest, Northwest Washington, Washington","3/26/2019 - 3/26/2019, Every day, Daily Average",1205,889,1631
"285","Union Station Drive Northeast, Northeast Washington, Washington","203","1600 6th Street Northwest, Northwest Washington, Washington","3/26/2019 - 3/26/2019, Every day, Daily Average",645,473,878
"285","Union Station Drive Northeast, Northeast Washington, Washington","204","1500 Anacostia Avenue Northeast, Northeast Washington, Washington","3/26/2019 - 3/26/2019, Every day, Daily Average",1206,854,1702
"285","Union Station Drive Northeast, Northeast Washington, Washington","205","600 T Street Northeast, Northeast Washington, Washington","3/26/2019 - 3/26/2019, Every day, Daily Average",520,356,758
"285","Union Station Drive Northeast, Northeast Washington, Washington","206","900 U.S. 29, Northwest Washington, Washington","3/26/2019 - 3/26/2019, Every day, Daily Average",760,545,1058
"285","Union Station Drive Northeast, Northeast Washington, Washington","207","1600 Eckington Place Northeast, Northeast Washington, Washington","3/26/2019 - 3/26/2019, Every day, Daily Average",418,261,667
"285","Union Station Drive Northeast, Northeast Washington, Washington","208","4400 Volta Place Northwest, Northwest Washington, Washington","3/26/2019 - 3/26/2019, Every day, Daily Average",1458,1140,1863
"285","Union Station Drive Northeast, Northeast Washington, Washington","209","1600 3rd Street Northwest, Northwest Washington, Washington","3/26/2019 - 3/26/2019, Every day, Daily Average",401,236,679
"285","Union Station Drive Northeast, Northeast Washington, Washington","210","4400 Polk Street Northeast, Northeast Washington, Washington","3/26/2019 - 3/26/2019, Every day, Daily Average",1190,843,1678
"285","Union Station Drive Northeast, Northeast Washington, Washington","211","800 Washburn Arts Center, Florida Avenue Northeast, Northeast Washington, Washington","3/26/2019 - 3/26/2019, Every day, Daily Average",453,296,691
"285","Union Station Drive Northeast, Northeast Washington, Washington","212","3300 P Street Northwest, Northwest Washington, Washington","3/26/2019 - 3/26/2019, Every day, Daily Average",1640,1243,2162
"285","Union Station Drive Northeast, Northeast Washington, Washington","213","1700 Church Street Northwest, Northwest Washington, Washington","3/26/2019 - 3/26/2019, Every day, Daily Average",969,707,1327
"285","Union Station Drive Northeast, Northeast Washington, Washington","214","1300 16th Street Northwest, Downtown, Washington","3/26/2019 - 3/26/2019, Every day, Daily Average",917,671,1252
"285","Union Station Drive Northeast, Northeast Washington, Washington","215","6400 Tondorf Road, Northwest Washington, Washington","3/26/2019 - 3/26/2019, Every day, Daily Average",1580,1206,2069
"285","Union Station Drive Northeast, Northeast Washington, Washington","216","1800 Q Street Northwest, Northwest Washington, Washington","3/26/2019 - 3/26/2019, Every day, Daily Average",1056,783,1423
"285","Union Station Drive Northeast, Northeast Washington, Washington","218","2000 Massachusetts Avenue Northwest, Northwest Washington, Washington","3/26/2019 - 3/26/2019, Every day, Daily Average",1107,823,1488
"285","Union Station Drive Northeast, Northeast Washington, Washington","219","1500 Kingman Place Northwest, Northwest Washington, Washington","3/26/2019 - 3/26/2019, Every day, Daily Average",915,675,1240
"285","Union Station Drive Northeast, Northeast Washington, Washington","220","1500 12th Street Northwest, Northwest Washington, Washington","3/26/2019 - 3/26/2019, Every day, Daily Average",864,666,1119
"285","Union Station Drive Northeast, Northeast Washington, Washington","221","1200 24th Street Northwest, Northwest Washington, Washington","3/26/2019 - 3/26/2019, Every day, Daily Average",1292,949,1758
"285","Union Station Drive Northeast, Northeast Washington, Washington","222","1500 New Jersey Avenue Northwest, Northwest Washington, Washington","3/26/2019 - 3/26/2019, Every day, Daily Average",618,429,890
"285","Union Station Drive Northeast, Northeast Washington, Washington","223","2100 N Street Northwest, Downtown, Washington","3/26/2019 - 3/26/2019, Every day, Daily Average",1203,860,1682
"285","Union Station Drive Northeast, Northeast Washington, Washington","224","1700 O Street Northwest, Downtown, Washington","3/26/2019 - 3/26/2019, Every day, Daily Average",1088,805,1470
"285","Union Station Drive Northeast, Northeast Washington, Washington","225","1500 Trinidad Avenue Northeast, Northeast Washington, Washington","3/26/2019 - 3/26/2019, Every day, Daily Average",496,323,760
"285","Union Station Drive Northeast, Northeast Washington, Washington","226","2700 Dumbarton Street Northwest, Northwest Washington, Washington","3/26/2019 - 3/26/2019, Every day, Daily Average",1389,1028,1875
"285","Union Station Drive Northeast, Northeast Washington, Washington","227","4900 Nash Street Northeast, Northeast Washington, Washington","3/26/2019 - 3/26/2019, Every day, Daily Average",1690,1237,2307
"285","Union Station Drive Northeast, Northeast Washington, Washington","228","100 N Street Northwest, Northwest Washington, Washington","3/26/2019 - 3/26/2019, Every day, Daily Average",377,207,683
"285","Union Station Drive Northeast, Northeast Washington, Washington","229","1000 O Street Northwest, Downtown, Washington","3/26/2019 - 3/26/2019, Every day, Daily Average",740,490,1116
"285","Union Station Drive Northeast, Northeast Washington, Washington","230","1400 7th Street Northwest, Northwest Washington, Washington","3/26/2019 - 3/26/2019, Every day, Daily Average",643,439,939
"285","Union Station Drive Northeast, Northeast Washington, Washington","231","1400 7th Street Northwest, Northwest Washington, Washington","3/26/2019 - 3/26/2019, Every day, Daily Average",614,435,866
"285","Union Station Drive Northeast, Northeast Washington, Washington","232","1300 5th Street Northwest, Northwest Washington, Washington","3/26/2019 - 3/26/2019, Every day, Daily Average",510,345,752
"285","Union Station Drive Northeast, Northeast Washington, Washington","233","1200 Vermont Avenue Northwest, Northwest Washington, Washington","3/26/2019 - 3/26/2019, Every day, Daily Average",825,588,1156
"285","Union Station Drive Northeast, Northeast Washington, Washington","235","1300 18th Street Northwest, Northwest Washington, Washington","3/26/2019 - 3/26/2019, Every day, Daily Average",997,730,1360
"285","Union Station Drive Northeast, Northeast Washington, Washington","236","Anacostia River Trail, Northeast Washington, Washington","3/26/2019 - 3/26/2019, Every day, Daily Average",851,577,1254
"285","Union Station Drive Northeast, Northeast Washington, Washington","237","0 M Street Northeast, Northeast Washington, Washington","3/26/2019 - 3/26/2019, Every day, Daily Average",247,125,486
"285","Union Station Drive Northeast, Northeast Washington, Washington","238","Capital Crescent Trail, Northwest Washington, Washington","3/26/2019 - 3/26/2019, Every day, Daily Average",1185,868,1616
"285","Union Station Drive Northeast, Northeast Washington, Washington","239","700 26th Street Northeast, Northeast Washington, Washington","3/26/2019 - 3/26/2019, Every day, Daily Average",598,356,1003
"285","Union Station Drive Northeast, Northeast Washington, Washington","240","1100 3rd Street Northeast, Northeast Washington, Washington","3/26/2019 - 3/26/2019, Every day, Daily Average",208,106,406
"285","Union Station Drive Northeast, Northeast Washington, Washington","241","1600 Rhode Island Avenue Northwest, Northwest Washington, Washington","3/26/2019 - 3/26/2019, Every day, Daily Average",1003,741,1356
"285","Union Station Drive Northeast, Northeast Washington, Washington","242","1100 McKenna Walk Northwest, Northwest Washington, Washington","3/26/2019 - 3/26/2019, Every day, Daily Average",396,217,721
"285","Union Station Drive Northeast, Northeast Washington, Washington","243","1100 15th Street Northwest, Northwest Washington, Washington","3/26/2019 - 3/26/2019, Every day, Daily Average",930,650,1328
"285","Union Station Drive Northeast, Northeast Washington, Washington","244","1000 M Street Northwest, Northwest Washington, Washington","3/26/2019 - 3/26/2019, Every day, Daily Average",695,476,1014
"285","Union Station Drive Northeast, Northeast Washington, Washington","245","1100 5th Street Northwest, Northwest Washington, Washington","3/26/2019 - 3/26/2019, Every day, Daily Average",526,345,801
"285","Union Station Drive Northeast, Northeast Washington, Washington","246","1200 19th Street Northwest, Downtown, Washington","3/26/2019 - 3/26/2019, Every day, Daily Average",1109,802,1531
"285","Union Station Drive Northeast, Northeast Washington, Washington","247","1100 6th Street Northeast, Northeast Washington, Washington","3/26/2019 - 3/26/2019, Every day, Daily Average",325,198,530
"285","Union Station Drive Northeast, Northeast Washington, Washington","248","1200 Potomac Street Northwest, Northwest Washington, Washington","3/26/2019 - 3/26/2019, Every day, Daily Average",1438,1098,1882
"285","Union Station Drive Northeast, Northeast Washington, Washington","249","3100 M Street Northwest, Northwest Washington, Washington","3/26/2019 - 3/26/2019, Every day, Daily Average",1471,1153,1876
"285","Union Station Drive Northeast, Northeast Washington, Washington","250","4900 Lee Street Northeast, Deanwood, Washington","3/26/2019 - 3/26/2019, Every day, Daily Average",1727,1285,2320
"285","Union Station Drive Northeast, Northeast Washington, Washington","251","600 L Street Northwest, Northwest Washington, Washington","3/26/2019 - 3/26/2019, Every day, Daily Average",527,349,795
"285","Union Station Drive Northeast, Northeast Washington, Washington","252","1600 L Street Northwest, Northwest Washington, Washington","3/26/2019 - 3/26/2019, Every day, Daily Average",1059,761,1472
"285","Union Station Drive Northeast, Northeast Washington, Washington","253","2000 L Street Northwest, Northwest Washington, Washington","3/26/2019 - 3/26/2019, Every day, Daily Average",1294,949,1764
"285","Union Station Drive Northeast, Northeast Washington, Washington","254","1800 L Street Northwest, Northwest Washington, Washington","3/26/2019 - 3/26/2019, Every day, Daily Average",1175,854,1616
"285","Union Station Drive Northeast, Northeast Washington, Washington","255","1300 L Street Northwest, Northwest Washington, Washington","3/26/2019 - 3/26/2019, Every day, Daily Average",888,610,1290
"285","Union Station Drive Northeast, Northeast Washington, Washington","256","1000 25th Street Northwest, Northwest Washington, Washington","3/26/2019 - 3/26/2019, Every day, Daily Average",1283,952,1728
"285","Union Station Drive Northeast, Northeast Washington, Washington","257","400 4 Â½ Street Northwest, Northwest Washington, Washington","3/26/2019 - 3/26/2019, Every day, Daily Average",344,211,558
"285","Union Station Drive Northeast, Northeast Washington, Washington","258","3200 Grace Street Northwest, Northwest Washington, Washington","3/26/2019 - 3/26/2019, Every day, Daily Average",1426,1027,1979
"285","Union Station Drive Northeast, Northeast Washington, Washington","259","1000 Thomas Jefferson Street Northwest, Northwest Washington, Washington","3/26/2019 - 3/26/2019, Every day, Daily Average",1359,1010,1827
"285","Union Station Drive Northeast, Northeast Washington, Washington","261","5300 James Place Northeast, Northeast Washington, Washington","3/26/2019 - 3/26/2019, Every day, Daily Average",1602,1153,2225
"285","Union Station Drive Northeast, Northeast Washington, Washington","262","Swamp Trail, Northwest Washington, Washington","3/26/2019 - 3/26/2019, Every day, Daily Average",1207,848,1717
"285","Union Station Drive Northeast, Northeast Washington, Washington","263","600 K Street Northwest, Northwest Washington, Washington","3/26/2019 - 3/26/2019, Every day, Daily Average",437,284,671
"285","Union Station Drive Northeast, Northeast Washington, Washington","264","900 I Street Northwest, Northwest Washington, Washington","3/26/2019 - 3/26/2019, Every day, Daily Average",635,427,942
"285","Union Station Drive Northeast, Northeast Washington, Washington","265","100 K Street Northeast, Northeast Washington, Washington","3/26/2019 - 3/26/2019, Every day, Daily Average",111,40,301
"285","Union Station Drive Northeast, Northeast Washington, Washington","266","2200 K Street Northwest, Northwest Washington, Washington","3/26/2019 - 3/26/2019, Every day, Daily Average",1291,968,1720
"285","Union Station Drive Northeast, Northeast Washington, Washington","267","2200 Washington Circle Northwest, Northwest Washington, Washington","3/26/2019 - 3/26/2019, Every day, Daily Average",1253,959,1636
"285","Union Station Drive Northeast, Northeast Washington, Washington","268","4600 Hunt Place Northeast, Northeast Washington, Washington","3/26/2019 - 3/26/2019, Every day, Daily Average",1407,1015,1950
"285","Union Station Drive Northeast, Northeast Washington, Washington","269","1200 H Street Northeast, Northeast Washington, Washington","3/26/2019 - 3/26/2019, Every day, Daily Average",339,211,543
"285","Union Station Drive Northeast, Northeast Washington, Washington","270","800 Techworld Plaza, Northwest Washington, Washington","3/26/2019 - 3/26/2019, Every day, Daily Average",535,354,806
"285","Union Station Drive Northeast, Northeast Washington, Washington","271","2100 I Street Northwest, Northwest Washington, Washington","3/26/2019 - 3/26/2019, Every day, Daily Average",1232,937,1618
"285","Union Station Drive Northeast, Northeast Washington, Washington","273","700 7th Street Northeast, Northeast Washington, Washington","3/26/2019 - 3/26/2019, Every day, Daily Average",168,94,297
"285","Union Station Drive Northeast, Northeast Washington, Washington","274","1500 I Street Northwest, Downtown, Washington","3/26/2019 - 3/26/2019, Every day, Daily Average",913,659,1264
"285","Union Station Drive Northeast, Northeast Washington, Washington","275","800 13th Street Northwest, Northwest Washington, Washington","3/26/2019 - 3/26/2019, Every day, Daily Average",764,524,1112
"285","Union Station Drive Northeast, Northeast Washington, Washington","276","800 New Jersey Avenue Northwest, Northwest Washington, Washington","3/26/2019 - 3/26/2019, Every day, Daily Average",193,82,452
"285","Union Station Drive Northeast, Northeast Washington, Washington","277","400 3rd Street Northeast, Northeast Washington, Washington","3/26/2019 - 3/26/2019, Every day, Daily Average",105,44,245
"285","Union Station Drive Northeast, Northeast Washington, Washington","278","1700 I Street Northwest, Downtown, Washington","3/26/2019 - 3/26/2019, Every day, Daily Average",1035,772,1386
"285","Union Station Drive Northeast, Northeast Washington, Washington","279","2400 H Street Northwest, Northwest Washington, Washington","3/26/2019 - 3/26/2019, Every day, Daily Average",1142,837,1556
"285","Union Station Drive Northeast, Northeast Washington, Washington","280","2500 I Street Northwest, Northwest Washington, Washington","3/26/2019 - 3/26/2019, Every day, Daily Average",1171,848,1616
"285","Union Station Drive Northeast, Northeast Washington, Washington","281","800 20th Street Northwest, Northwest Washington, Washington","3/26/2019 - 3/26/2019, Every day, Daily Average",1184,922,1519
"285","Union Station Drive Northeast, Northeast Washington, Washington","282","4400 Kenilworth Avenue Northeast, Northeast Washington, Washington","3/26/2019 - 3/26/2019, Every day, Daily Average",1008,691,1469
"285","Union Station Drive Northeast, Northeast Washington, Washington","283","600 I Street Northwest, Northwest Washington, Washington","3/26/2019 - 3/26/2019, Every day, Daily Average",443,266,735
"285","Union Station Drive Northeast, Northeast Washington, Washington","284","600 New Hampshire Avenue Northwest, Northwest Washington, Washington","3/26/2019 - 3/26/2019, Every day, Daily Average",1289,891,1863
"285","Union Station Drive Northeast, Northeast Washington, Washington","286","4000 Minnesota Avenue Northeast, Northeast Washington, Washington","3/26/2019 - 3/26/2019, Every day, Daily Average",1042,736,1474
"285","Union Station Drive Northeast, Northeast Washington, Washington","287","0 G Street Northwest, Northwest Washington, Washington","3/26/2019 - 3/26/2019, Every day, Daily Average",131,46,371
"285","Union Station Drive Northeast, Northeast Washington, Washington","288","1500 F Street Northeast, Northeast Washington, Washington","3/26/2019 - 3/26/2019, Every day, Daily Average",463,289,740
"285","Union Station Drive Northeast, Northeast Washington, Washington","289","700 14th Street Northwest, Northwest Washington, Washington","3/26/2019 - 3/26/2019, Every day, Daily Average",912,650,1279
"285","Union Station Drive Northeast, Northeast Washington, Washington","290","1700 Pennsylvania Avenue Northwest, Northwest Washington, Washington","3/26/2019 - 3/26/2019, Every day, Daily Average",1178,862,1609
"285","Union Station Drive Northeast, Northeast Washington, Washington","291","1600 Pennsylvania Avenue Northwest, Northwest Washington, Washington","3/26/2019 - 3/26/2019, Every day, Daily Average",951,732,1234
"285","Union Station Drive Northeast, Northeast Washington, Washington","292","100 D Street Northwest, Northwest Washington, Washington","3/26/2019 - 3/26/2019, Every day, Daily Average",400,226,707
"285","Union Station Drive Northeast, Northeast Washington, Washington","293","600 11th Street Northwest, Northwest Washington, Washington","3/26/2019 - 3/26/2019, Every day, Daily Average",779,537,1129
"285","Union Station Drive Northeast, Northeast Washington, Washington","294","600 7th Street Northwest, Northwest Washington, Washington","3/26/2019 - 3/26/2019, Every day, Daily Average",566,374,855
"285","Union Station Drive Northeast, Northeast Washington, Washington","295","400 G Street Northwest, Northwest Washington, Washington","3/26/2019 - 3/26/2019, Every day, Daily Average",455,284,728
"285","Union Station Drive Northeast, Northeast Washington, Washington","296","400 Oklahoma Avenue Northeast, Northeast Washington, Washington","3/26/2019 - 3/26/2019, Every day, Daily Average",729,473,1122
"285","Union Station Drive Northeast, Northeast Washington, Washington","297","2100 G Street Northwest, Northwest Washington, Washington","3/26/2019 - 3/26/2019, Every day, Daily Average",1271,921,1752
"285","Union Station Drive Northeast, Northeast Washington, Washington","298","1900 F Street Northwest, Northwest Washington, Washington","3/26/2019 - 3/26/2019, Every day, Daily Average",1264,933,1710
"285","Union Station Drive Northeast, Northeast Washington, Washington","299","0 E Street Northwest, Northwest Washington, Washington","3/26/2019 - 3/26/2019, Every day, Daily Average",268,134,534
"285","Union Station Drive Northeast, Northeast Washington, Washington","300","200 U.S. 50, Northwest Washington, Washington","3/26/2019 - 3/26/2019, Every day, Daily Average",1202,854,1690
"285","Union Station Drive Northeast, Northeast Washington, Washington","301","4500 Eads Place Northeast, Lower Central NE, Washington","3/26/2019 - 3/26/2019, Every day, Daily Average",1240,1002,1534
"285","Union Station Drive Northeast, Northeast Washington, Washington","302","5000 Banks Place Northeast, Northeast Washington, Washington","3/26/2019 - 3/26/2019, Every day, Daily Average",1481,1053,2081
"285","Union Station Drive Northeast, Northeast Washington, Washington","303","5300 Dix Street Northeast, Northeast Washington, Washington","3/26/2019 - 3/26/2019, Every day, Daily Average",1676,1222,2297
"285","Union Station Drive Northeast, Northeast Washington, Washington","304","500 National Press Building, 14th Street Northwest, Northwest Washington, Washington","3/26/2019 - 3/26/2019, Every day, Daily Average",893,647,1230
"285","Union Station Drive Northeast, Northeast Washington, Washington","305","400 Louisiana Avenue Northeast, Northeast Washington, Washington","3/26/2019 - 3/26/2019, Every day, Daily Average",153,51,452
"285","Union Station Drive Northeast, Northeast Washington, Washington","306","Kingman Island Trail, Northeast Washington, Washington","3/26/2019 - 3/26/2019, Every day, Daily Average",1072,694,1655
"285","Union Station Drive Northeast, Northeast Washington, Washington","307","500 E Street Northeast, Northeast Washington, Washington","3/26/2019 - 3/26/2019, Every day, Daily Average",299,158,564
"285","Union Station Drive Northeast, Northeast Washington, Washington","308","0 Columbus Circle Northeast, Northeast Washington, Washington","3/26/2019 - 3/26/2019, Every day, Daily Average",146,58,363
"285","Union Station Drive Northeast, Northeast Washington, Washington","309","2100 Virginia Avenue Northwest, Northwest Washington, Washington","3/26/2019 - 3/26/2019, Every day, Daily Average",1082,793,1475
"285","Union Station Drive Northeast, Northeast Washington, Washington","310","400 E Street Northwest, Northwest Washington, Washington","3/26/2019 - 3/26/2019, Every day, Daily Average",468,300,730
"285","Union Station Drive Northeast, Northeast Washington, Washington","311","Jane A Delano and the Nurses Who Died in Service in World War I Memorial, Northwest Washington, Washington","3/26/2019 - 3/26/2019, Every day, Daily Average",990,718,1364
"285","Union Station Drive Northeast, Northeast Washington, Washington","312","300 9th Street Northeast, Northeast Washington, Washington","3/26/2019 - 3/26/2019, Every day, Daily Average",371,216,635
"285","Union Station Drive Northeast, Northeast Washington, Washington","313","300 36th Street Northeast, Northeast Washington, Washington","3/26/2019 - 3/26/2019, Every day, Daily Average",991,680,1442
"285","Union Station Drive Northeast, Northeast Washington, Washington","314","100 Herbert C. Hoover Building, Constitution Avenue Northwest, Northwest Washington, Washington","3/26/2019 - 3/26/2019, Every day, Daily Average",870,628,1203
"285","Union Station Drive Northeast, Northeast Washington, Washington","315","1300 Pennsylvania Avenue Northwest, Northwest Washington, Washington","3/26/2019 - 3/26/2019, Every day, Daily Average",805,580,1115
"285","Union Station Drive Northeast, Northeast Washington, Washington","316","900 Pennsylvania Avenue Northwest, Northwest Washington, Washington","3/26/2019 - 3/26/2019, Every day, Daily Average",853,601,1209
"285","Union Station Drive Northeast, Northeast Washington, Washington","317","300 7th Street Northwest, Northwest Washington, Washington","3/26/2019 - 3/26/2019, Every day, Daily Average",705,471,1053
"285","Union Station Drive Northeast, Northeast Washington, Washington","318","5700 Blaine Street Northeast, Northeast Washington, Washington","3/26/2019 - 3/26/2019, Every day, Daily Average",1620,1153,2275
"285","Union Station Drive Northeast, Northeast Washington, Washington","319","2000 C Street Northwest, Northwest Washington, Washington","3/26/2019 - 3/26/2019, Every day, Daily Average",1026,742,1417
"285","Union Station Drive Northeast, Northeast Washington, Washington","320","3800 Minnesota Avenue Northeast, Northeast Washington, Washington","3/26/2019 - 3/26/2019, Every day, Daily Average",1167,770,1768
"285","Union Station Drive Northeast, Northeast Washington, Washington","321","Ellipse Road Northwest, Northwest Washington, Washington","3/26/2019 - 3/26/2019, Every day, Daily Average",908,657,1253
"285","Union Station Drive Northeast, Northeast Washington, Washington","322","Hart Senate Office Building, Northeast Washington, Washington","3/26/2019 - 3/26/2019, Every day, Daily Average",320,168,608
"285","Union Station Drive Northeast, Northeast Washington, Washington","323","2100 C Street Northwest, Northwest Washington, Washington","3/26/2019 - 3/26/2019, Every day, Daily Average",1100,775,1559
"285","Union Station Drive Northeast, Northeast Washington, Washington","324","1100 Constitution Avenue Northwest, Northwest Washington, Washington","3/26/2019 - 3/26/2019, Every day, Daily Average",700,500,978
"285","Union Station Drive Northeast, Northeast Washington, Washington","325","300 E. Barrett Prettyman United States Courthouse, Constitution Avenue Northwest, Northwest Washington, Washington","3/26/2019 - 3/26/2019, Every day, Daily Average",514,334,788
"285","Union Station Drive Northeast, Northeast Washington, Washington","326","100 46th Street Northeast, Northeast Washington, Washington","3/26/2019 - 3/26/2019, Every day, Daily Average",1303,912,1861
"285","Union Station Drive Northeast, Northeast Washington, Washington","327","100 41st Street Northeast, Northeast Washington, Washington","3/26/2019 - 3/26/2019, Every day, Daily Average",1124,800,1579
"285","Union Station Drive Northeast, Northeast Washington, Washington","328","700 Constitution Avenue Northwest, Northwest Washington, Washington","3/26/2019 - 3/26/2019, Every day, Daily Average",636,437,924
"285","Union Station Drive Northeast, Northeast Washington, Washington","329","22nd Street Northeast, Northeast Washington, Washington","3/26/2019 - 3/26/2019, Every day, Daily Average",1036,720,1490
"285","Union Station Drive Northeast, Northeast Washington, Washington","330","1100 Park Street Northeast, Hill East, Washington","3/26/2019 - 3/26/2019, Every day, Daily Average",527,375,740
"285","Union Station Drive Northeast, Northeast Washington, Washington","331","1700 Constitution Avenue Northeast, Northeast Washington, Washington","3/26/2019 - 3/26/2019, Every day, Daily Average",716,531,965
"285","Union Station Drive Northeast, Northeast Washington, Washington","332","1500 East Capitol Street Northeast, Northeast Washington, Washington","3/26/2019 - 3/26/2019, Every day, Daily Average",707,491,1016
"285","Union Station Drive Northeast, Northeast Washington, Washington","333","100 59th Place Northeast, Northeast Washington, Washington","3/26/2019 - 3/26/2019, Every day, Daily Average",1829,1315,2542
"285","Union Station Drive Northeast, Northeast Washington, Washington","334","100 23rd Street Northwest, Northwest Washington, Washington","3/26/2019 - 3/26/2019, Every day, Daily Average",1196,836,1709
"285","Union Station Drive Northeast, Northeast Washington, Washington","335","600 Rock Creek Park Trails, Southwest Washington, Washington","3/26/2019 - 3/26/2019, Every day, Daily Average",947,607,1476
"285","Union Station Drive Northeast, Northeast Washington, Washington","336","0 42nd Street Northeast, Northeast Washington, Washington","3/26/2019 - 3/26/2019, Every day, Daily Average",1415,929,2154
"285","Union Station Drive Northeast, Northeast Washington, Washington","337","4900 Central Avenue Northeast, Northeast Washington, Washington","3/26/2019 - 3/26/2019, Every day, Daily Average",1542,1080,2201
"285","Union Station Drive Northeast, Northeast Washington, Washington","338","2000 Constitution Avenue Northwest, Northwest Washington, Washington","3/26/2019 - 3/26/2019, Every day, Daily Average",1001,680,1473
"285","Union Station Drive Northeast, Northeast Washington, Washington","339","1400 Independence Avenue Southwest, Southwest Washington, Washington","3/26/2019 - 3/26/2019, Every day, Daily Average",988,685,1423
"285","Union Station Drive Northeast, Northeast Washington, Washington","340","100 7th Street Northwest, Northwest Washington, Washington","3/26/2019 - 3/26/2019, Every day, Daily Average",789,561,1108
"285","Union Station Drive Northeast, Northeast Washington, Washington","341","100 7th Street Northwest, Northwest Washington, Washington","3/26/2019 - 3/26/2019, Every day, Daily Average",787,608,1017
"285","Union Station Drive Northeast, Northeast Washington, Washington","342","1200 Madison Drive Northwest, Northwest Washington, Washington","3/26/2019 - 3/26/2019, Every day, Daily Average",992,769,1279
"285","Union Station Drive Northeast, Northeast Washington, Washington","343","900 Jefferson Drive Southwest, Southwest Washington, Washington","3/26/2019 - 3/26/2019, Every day, Daily Average",856,622,1177
"285","Union Station Drive Northeast, Northeast Washington, Washington","344","4th Street Southwest, Washington","3/26/2019 - 3/26/2019, Every day, Daily Average",648,422,992
"285","Union Station Drive Northeast, Northeast Washington, Washington","345","First Street Southwest, Southwest Washington, Washington","3/26/2019 - 3/26/2019, Every day, Daily Average",557,365,848
"285","Union Station Drive Northeast, Northeast Washington, Washington","346","1200 East Capitol Street Southeast, Southeast Washington, Washington","3/26/2019 - 3/26/2019, Every day, Daily Average",675,420,1082
"285","Union Station Drive Northeast, Northeast Washington, Washington","347","200 East Capitol Street Northeast, Northeast Washington, Washington","3/26/2019 - 3/26/2019, Every day, Daily Average",498,306,808
"285","Union Station Drive Northeast, Northeast Washington, Washington","348","0 7th Street Southeast, Capitol Hill, Washington","3/26/2019 - 3/26/2019, Every day, Daily Average",467,308,707
"285","Union Station Drive Northeast, Northeast Washington, Washington","349","Anacostia Riverwalk Trail, Southeast Washington, Washington","3/26/2019 - 3/26/2019, Every day, Daily Average",1200,783,1838
"285","Union Station Drive Northeast, Northeast Washington, Washington","350","Fort Dupont Drive Southeast, Southeast Washington, Washington","3/26/2019 - 3/26/2019, Every day, Daily Average",1394,932,2084
"285","Union Station Drive Northeast, Northeast Washington, Washington","351","4300 Texas Avenue Southeast, Southeast Washington, Washington","3/26/2019 - 3/26/2019, Every day, Daily Average",1360,903,2046
"285","Union Station Drive Northeast, Northeast Washington, Washington","352","100 19th Street Southeast, Southeast Washington, Washington","3/26/2019 - 3/26/2019, Every day, Daily Average",1063,704,1602
"285","Union Station Drive Northeast, Northeast Washington, Washington","353","4400 C Street Southeast, Southeast Washington, Washington","3/26/2019 - 3/26/2019, Every day, Daily Average",1461,937,2277
"285","Union Station Drive Northeast, Northeast Washington, Washington","354","1600 Independence Avenue Southeast, Southeast Washington, Washington","3/26/2019 - 3/26/2019, Every day, Daily Average",866,619,1211
"285","Union Station Drive Northeast, Northeast Washington, Washington","355","1900 Massachusetts Avenue Southeast, Southeast Washington, Washington","3/26/2019 - 3/26/2019, Every day, Daily Average",1057,717,1556
"285","Union Station Drive Northeast, Northeast Washington, Washington","356","4800 Texas Avenue Southeast, Southeast Washington, Washington","3/26/2019 - 3/26/2019, Every day, Daily Average",1520,989,2335
"285","Union Station Drive Northeast, Northeast Washington, Washington","357","4700 B Street Southeast, Southeast Washington, Washington","3/26/2019 - 3/26/2019, Every day, Daily Average",1396,982,1982
"285","Union Station Drive Northeast, Northeast Washington, Washington","358","4900 A Street Southeast, Southeast Washington, Washington","3/26/2019 - 3/26/2019, Every day, Daily Average",1185,890,1576
"285","Union Station Drive Northeast, Northeast Washington, Washington","359","1900 Independence Avenue Southwest, Southwest Washington, Washington","3/26/2019 - 3/26/2019, Every day, Daily Average",983,664,1453
"285","Union Station Drive Northeast, Northeast Washington, Washington","360","George Washington Memorial Parkway, Arlington","3/26/2019 - 3/26/2019, Every day, Daily Average",957,636,1438
"285","Union Station Drive Northeast, Northeast Washington, Washington","361","200 51st Street Southeast, Marshall Heights, Washington","3/26/2019 - 3/26/2019, Every day, Daily Average",1285,957,1724
"285","Union Station Drive Northeast, Northeast Washington, Washington","362","1400 Independence Avenue Southwest, Southwest Washington, Washington","3/26/2019 - 3/26/2019, Every day, Daily Average",1054,766,1449
"285","Union Station Drive Northeast, Northeast Washington, Washington","363","4900 G Street Southeast, Southeast Washington, Washington","3/26/2019 - 3/26/2019, Every day, Daily Average",1559,1080,2249
"285","Union Station Drive Northeast, Northeast Washington, Washington","364","1200 C Street Southeast, Southeast Washington, Washington","3/26/2019 - 3/26/2019, Every day, Daily Average",733,553,970
"285","Union Station Drive Northeast, Northeast Washington, Washington","365","200 14th Street Southeast, Southeast Washington, Washington","3/26/2019 - 3/26/2019, Every day, Daily Average",950,643,1402
"285","Union Station Drive Northeast, Northeast Washington, Washington","366","300 18th Street Southeast, Southeast Washington, Washington","3/26/2019 - 3/26/2019, Every day, Daily Average",929,646,1335
"285","Union Station Drive Northeast, Northeast Washington, Washington","367","300 9th Street Southeast, Southeast Washington, Washington","3/26/2019 - 3/26/2019, Every day, Daily Average",654,473,902
"285","Union Station Drive Northeast, Northeast Washington, Washington","368","1500 D Street Southeast, Southeast Washington, Washington","3/26/2019 - 3/26/2019, Every day, Daily Average",971,655,1439
"285","Union Station Drive Northeast, Northeast Washington, Washington","369","200 3rd Street Southwest, Southwest Washington, Washington","3/26/2019 - 3/26/2019, Every day, Daily Average",622,404,956
"285","Union Station Drive Northeast, Northeast Washington, Washington","370","0 C Street Southwest, Southwest Federal Center, Washington","3/26/2019 - 3/26/2019, Every day, Daily Average",604,399,913
"285","Union Station Drive Northeast, Northeast Washington, Washington","371","300 New Jersey Avenue Southeast, Southeast Washington, Washington","3/26/2019 - 3/26/2019, Every day, Daily Average",765,517,1131
"285","Union Station Drive Northeast, Northeast Washington, Washington","372","100 D Street Southeast, Southeast Washington, Washington","3/26/2019 - 3/26/2019, Every day, Daily Average",661,401,1089
"285","Union Station Drive Northeast, Northeast Washington, Washington","373","200 3rd Street Southeast, Capitol Hill, Washington","3/26/2019 - 3/26/2019, Every day, Daily Average",569,402,804
"285","Union Station Drive Northeast, Northeast Washington, Washington","374","600 6th Street Southwest, Southwest Washington, Washington","3/26/2019 - 3/26/2019, Every day, Daily Average",877,580,1324
"285","Union Station Drive Northeast, Northeast Washington, Washington","375","500 Seward Square Southeast, Southeast Washington, Washington","3/26/2019 - 3/26/2019, Every day, Daily Average",569,413,782
"285","Union Station Drive Northeast, Northeast Washington, Washington","376","700 C Street Southwest, Southwest Washington, Washington","3/26/2019 - 3/26/2019, Every day, Daily Average",987,663,1468
"285","Union Station Drive Northeast, Northeast Washington, Washington","377","200 Raoul Wallenberg Place Southwest, Southwest Washington, Washington","3/26/2019 - 3/26/2019, Every day, Daily Average",973,631,1500
"285","Union Station Drive Northeast, Northeast Washington, Washington","378","300 L'Enfant Plaza Southwest, Southwest Washington, Washington","3/26/2019 - 3/26/2019, Every day, Daily Average",1012,678,1509
"285","Union Station Drive Northeast, Northeast Washington, Washington","379","1500 Maine Avenue Southwest, Southwest Washington, Washington","3/26/2019 - 3/26/2019, Every day, Daily Average",1170,799,1712
"285","Union Station Drive Northeast, Northeast Washington, Washington","381","400 5th Street Southeast, Capitol Hill, Washington","3/26/2019 - 3/26/2019, Every day, Daily Average",605,456,801
"285","Union Station Drive Northeast, Northeast Washington, Washington","382","600 South Carolina Avenue Southeast, Southeast Washington, Washington","3/26/2019 - 3/26/2019, Every day, Daily Average",734,581,926
"285","Union Station Drive Northeast, Northeast Washington, Washington","383","500 3rd Street Southeast, Capitol Hill, Washington","3/26/2019 - 3/26/2019, Every day, Daily Average",679,439,1049
"285","Union Station Drive Northeast, Northeast Washington, Washington","384","400 6th Street Southwest, Southwest Washington, Washington","3/26/2019 - 3/26/2019, Every day, Daily Average",644,427,970
"285","Union Station Drive Northeast, Northeast Washington, Washington","385","0 E Street Southwest, Southwest Washington, Washington","3/26/2019 - 3/26/2019, Every day, Daily Average",610,389,955
"285","Union Station Drive Northeast, Northeast Washington, Washington","386","1200 Maine Avenue Southwest, Southwest Washington, Washington","3/26/2019 - 3/26/2019, Every day, Daily Average",776,488,1231
"285","Union Station Drive Northeast, Northeast Washington, Washington","387","9th Street Expressway, Southwest Washington, Washington","3/26/2019 - 3/26/2019, Every day, Daily Average",737,470,1153
"285","Union Station Drive Northeast, Northeast Washington, Washington","388","100 F Street Southeast, Southeast Washington, Washington","3/26/2019 - 3/26/2019, Every day, Daily Average",699,445,1095
"285","Union Station Drive Northeast, Northeast Washington, Washington","389","1300 E Street Southeast, Southeast Washington, Washington","3/26/2019 - 3/26/2019, Every day, Daily Average",785,565,1090
"285","Union Station Drive Northeast, Northeast Washington, Washington","390","1500 Anacostia Drive, Southeast Washington, Washington","3/26/2019 - 3/26/2019, Every day, Daily Average",1039,704,1532
"285","Union Station Drive Northeast, Northeast Washington, Washington","391","700 9th Street Southeast, Southeast Washington, Washington","3/26/2019 - 3/26/2019, Every day, Daily Average",706,477,1044
"285","Union Station Drive Northeast, Northeast Washington, Washington","392","500 10th Street Southeast, Capitol Hill, Washington","3/26/2019 - 3/26/2019, Every day, Daily Average",764,584,999
"285","Union Station Drive Northeast, Northeast Washington, Washington","393","700 12th Street Southeast, Southeast Washington, Washington","3/26/2019 - 3/26/2019, Every day, Daily Average",769,606,975
"285","Union Station Drive Northeast, Northeast Washington, Washington","394","900 Ohio Drive Southwest, Southwest Washington, Washington","3/26/2019 - 3/26/2019, Every day, Daily Average",804,507,1272
"285","Union Station Drive Northeast, Northeast Washington, Washington","395","100 Maine Avenue Southwest, Southwest Washington, Washington","3/26/2019 - 3/26/2019, Every day, Daily Average",993,667,1478
"285","Union Station Drive Northeast, Northeast Washington, Washington","396","700 6th Street Southwest, Southwest Washington, Washington","3/26/2019 - 3/26/2019, Every day, Daily Average",783,510,1201
"285","Union Station Drive Northeast, Northeast Washington, Washington","397","300 G Street Southwest, Southwest Washington, Washington","3/26/2019 - 3/26/2019, Every day, Daily Average",676,435,1049
"285","Union Station Drive Northeast, Northeast Washington, Washington","398","1100 Maine Avenue Southwest, Southwest Washington, Washington","3/26/2019 - 3/26/2019, Every day, Daily Average",901,522,1553
"285","Union Station Drive Northeast, Northeast Washington, Washington","399","0 K Street Southeast, Southeast Washington, Washington","3/26/2019 - 3/26/2019, Every day, Daily Average",726,459,1146
"285","Union Station Drive Northeast, Northeast Washington, Washington","400","1100 45th Place Southeast, Southeast Washington, Washington","3/26/2019 - 3/26/2019, Every day, Daily Average",1600,1128,2268
"285","Union Station Drive Northeast, Northeast Washington, Washington","401","300 K Street Southeast, Southeast Washington, Washington","3/26/2019 - 3/26/2019, Every day, Daily Average",739,492,1109
"285","Union Station Drive Northeast, Northeast Washington, Washington","402","Rock Creek Park Trails, Southwest Washington, Washington","3/26/2019 - 3/26/2019, Every day, Daily Average",816,521,1277
"285","Union Station Drive Northeast, Northeast Washington, Washington","403","1300 K Street Southeast, Southeast Washington, Washington","3/26/2019 - 3/26/2019, Every day, Daily Average",779,522,1162
"285","Union Station Drive Northeast, Northeast Washington, Washington","404","Pennsylvania Avenue Southeast, Southeast Washington, Washington","3/26/2019 - 3/26/2019, Every day, Daily Average",1006,716,1412
"285","Union Station Drive Northeast, Northeast Washington, Washington","405","1100 4th Street Southwest, Southwest Washington, Washington","3/26/2019 - 3/26/2019, Every day, Daily Average",791,553,1129
"285","Union Station Drive Northeast, Northeast Washington, Washington","406","0 M Street Southwest, Southwest Washington, Washington","3/26/2019 - 3/26/2019, Every day, Daily Average",814,526,1257
"285","Union Station Drive Northeast, Northeast Washington, Washington","407","1400 34th Street Southeast, Southeast Washington, Washington","3/26/2019 - 3/26/2019, Every day, Daily Average",1178,904,1534
"285","Union Station Drive Northeast, Northeast Washington, Washington","408","3000 Nash Place Southeast, Southeast Washington, Washington","3/26/2019 - 3/26/2019, Every day, Daily Average",1059,804,1393
"285","Union Station Drive Northeast, Northeast Washington, Washington","409","1200 12th Street Southeast, Southeast Washington, Washington","3/26/2019 - 3/26/2019, Every day, Daily Average",771,514,1156
"285","Union Station Drive Northeast, Northeast Washington, Washington","410","Anacostia Freeway, Southeast Washington, Washington","3/26/2019 - 3/26/2019, Every day, Daily Average",882,588,1320
"285","Union Station Drive Northeast, Northeast Washington, Washington","411","Parsons Avenue, Southeast Washington, Washington","3/26/2019 - 3/26/2019, Every day, Daily Average",933,752,1156
"285","Union Station Drive Northeast, Northeast Washington, Washington","412","1300 Delaware Avenue Southwest, Southwest Washington, Washington","3/26/2019 - 3/26/2019, Every day, Daily Average",956,699,1306
"285","Union Station Drive Northeast, Northeast Washington, Washington","413","1300 First Street Southwest, Southwest Washington, Washington","3/26/2019 - 3/26/2019, Every day, Daily Average",892,550,1444
"285","Union Station Drive Northeast, Northeast Washington, Washington","414","1500 South Capitol Street Southeast, Southeast Washington, Washington","3/26/2019 - 3/26/2019, Every day, Daily Average",971,595,1582
"285","Union Station Drive Northeast, Northeast Washington, Washington","415","100 O Street Southeast, Southeast Washington, Washington","3/26/2019 - 3/26/2019, Every day, Daily Average",1106,865,1413
"285","Union Station Drive Northeast, Northeast Washington, Washington","417","200 Quander Street Southeast, Southeast Washington, Washington","3/26/2019 - 3/26/2019, Every day, Daily Average",1009,741,1372
"285","Union Station Drive Northeast, Northeast Washington, Washington","418","1800 23rd Street Southeast, Southeast Washington, Washington","3/26/2019 - 3/26/2019, Every day, Daily Average",1138,789,1640
"285","Union Station Drive Northeast, Northeast Washington, Washington","419","3000 Park Drive Southeast, Southeast Washington, Washington","3/26/2019 - 3/26/2019, Every day, Daily Average",1183,884,1582
"285","Union Station Drive Northeast, Northeast Washington, Washington","420","1900 Anacostia Drive, Southeast Washington, Washington","3/26/2019 - 3/26/2019, Every day, Daily Average",909,595,1388
"285","Union Station Drive Northeast, Northeast Washington, Washington","422","1600 40th Street Southeast, Southeast Washington, Washington","3/26/2019 - 3/26/2019, Every day, Daily Average",1983,1179,3334
"285","Union Station Drive Northeast, Northeast Washington, Washington","423","T Street Southwest, Southwest Washington, Washington","3/26/2019 - 3/26/2019, Every day, Daily Average",1053,644,1721
"285","Union Station Drive Northeast, Northeast Washington, Washington","424","2000 36th Place Southeast, Southeast Washington, Washington","3/26/2019 - 3/26/2019, Every day, Daily Average",1210,929,1575
"285","Union Station Drive Northeast, Northeast Washington, Washington","425","Defense Boulevard, Southwest Washington, Washington","3/26/2019 - 3/26/2019, Every day, Daily Average",1017,678,1523
"285","Union Station Drive Northeast, Northeast Washington, Washington","426","1200 Pleasant Street Southeast, Southeast Washington, Washington","3/26/2019 - 3/26/2019, Every day, Daily Average",1281,946,1732
"285","Union Station Drive Northeast, Northeast Washington, Washington","427","2300 Green Street Southeast, Southeast Washington, Washington","3/26/2019 - 3/26/2019, Every day, Daily Average",1550,1071,2242
"285","Union Station Drive Northeast, Northeast Washington, Washington","428","3700 Bangor Street Southeast, Southeast Washington, Washington","3/26/2019 - 3/26/2019, Every day, Daily Average",1428,1009,2019
"285","Union Station Drive Northeast, Northeast Washington, Washington","429","2400 Shannon Place Southeast, Southeast Washington, Washington","3/26/2019 - 3/26/2019, Every day, Daily Average",909,621,1328
"285","Union Station Drive Northeast, Northeast Washington, Washington","430","2600 Barry Road Southeast, Southeast Washington, Washington","3/26/2019 - 3/26/2019, Every day, Daily Average",966,648,1438
"285","Union Station Drive Northeast, Northeast Washington, Washington","431","2800 Langston Place Southeast, Southeast Washington, Washington","3/26/2019 - 3/26/2019, Every day, Daily Average",1113,752,1646
"285","Union Station Drive Northeast, Northeast Washington, Washington","432","1300 Dexter Terrace Southeast, Southeast Washington, Washington","3/26/2019 - 3/26/2019, Every day, Daily Average",1317,954,1818
"285","Union Station Drive Northeast, Northeast Washington, Washington","433","2700 30th Street Southeast, Southeast Washington, Washington","3/26/2019 - 3/26/2019, Every day, Daily Average",1461,1046,2040
"285","Union Station Drive Northeast, Northeast Washington, Washington","434","2600 Douglass Place, Southeast Washington, Washington","3/26/2019 - 3/26/2019, Every day, Daily Average",1378,919,2065
"285","Union Station Drive Northeast, Northeast Washington, Washington","435","1700 Bruce Place Southeast, Southeast Washington, Washington","3/26/2019 - 3/26/2019, Every day, Daily Average",1174,748,1841
"285","Union Station Drive Northeast, Northeast Washington, Washington","436","2600 Martin Luther King Junior Avenue Southeast, Southeast Washington, Washington","3/26/2019 - 3/26/2019, Every day, Daily Average",987,689,1413
"285","Union Station Drive Northeast, Northeast Washington, Washington","437","2600 Birney Place Southeast, Southeast Washington, Washington","3/26/2019 - 3/26/2019, Every day, Daily Average",1582,1319,1896
"285","Union Station Drive Northeast, Northeast Washington, Washington","438","3400 Arnold Avenue Southwest, Southwest Washington, Washington","3/26/2019 - 3/26/2019, Every day, Daily Average",1139,783,1655
"285","Union Station Drive Northeast, Northeast Washington, Washington","439","Pecan Street Southeast, Southeast Washington, Washington","3/26/2019 - 3/26/2019, Every day, Daily Average",1212,760,1931
"285","Union Station Drive Northeast, Northeast Washington, Washington","440","200 Oakwood Street Southeast, Southeast Washington, Washington","3/26/2019 - 3/26/2019, Every day, Daily Average",1492,1231,1807
"285","Union Station Drive Northeast, Northeast Washington, Washington","441","2300 Savannah Street Southeast, Southeast Washington, Washington","3/26/2019 - 3/26/2019, Every day, Daily Average",1294,856,1954
"285","Union Station Drive Northeast, Northeast Washington, Washington","447","200 Raleigh Street Southeast, Southeast Washington, Washington","3/26/2019 - 3/26/2019, Every day, Daily Average",1019,714,1453
"285","Union Station Drive Northeast, Northeast Washington, Washington","449","600 Mississippi Avenue Southeast, Southeast Washington, Washington","3/26/2019 - 3/26/2019, Every day, Daily Average",1558,1226,1978
"285","Union Station Drive Northeast, Northeast Washington, Washington","452","100 Wayne Place Southeast, Southeast Washington, Washington","3/26/2019 - 3/26/2019, Every day, Daily Average",1672,1208,2314
"285","Union Station Drive Northeast, Northeast Washington, Washington","453","3900 1st Street Southwest, Southwest Washington, Washington","3/26/2019 - 3/26/2019, Every day, Daily Average",1394,962,2019
"285","Union Station Drive Northeast, Northeast Washington, Washington","454","4200 6th Street Southeast, Southeast Washington, Washington","3/26/2019 - 3/26/2019, Every day, Daily Average",1883,1455,2435
"285","Union Station Drive Northeast, Northeast Washington, Washington","455","Marina Drive, Potomac Yard, Alexandria","3/26/2019 - 3/26/2019, Every day, Daily Average",1160,802,1675
"285","Union Station Drive Northeast, Northeast Washington, Washington","456","100 Ivanhoe Street Southwest, Southwest Washington, Washington","3/26/2019 - 3/26/2019, Every day, Daily Average",1604,1114,2307
"285","Union Station Drive Northeast, Northeast Washington, Washington","457","0 DC Village Lane Southwest, Southwest Washington, Washington","3/26/2019 - 3/26/2019, Every day, Daily Average",1179,825,1683
"285","Union Station Drive Northeast, Northeast Washington, Washington","458","Perimeter East Road Southwest, Southwest Washington, Washington","3/26/2019 - 3/26/2019, Every day, Daily Average",1279,886,1844